<?xml version="1.0" encoding="UTF-8" ?><records>
	<record>
		<name>Wilkins, Shad G.</name>
		<idnumber>1691043006999</idnumber>
		<phone>1-154-777-8107</phone>
		<cardnumber>548317 349322 1030</cardnumber>
	</record>
	<record>
		<name>Fitzgerald, Chastity F.</name>
		<idnumber>1638031987299</idnumber>
		<phone>1-633-926-6362</phone>
		<cardnumber>5378 9686 5933 4545</cardnumber>
	</record>
	<record>
		<name>Singleton, Roth C.</name>
		<idnumber>1691092093499</idnumber>
		<phone>1-458-612-1529</phone>
		<cardnumber>536013 4691561997</cardnumber>
	</record>
	<record>
		<name>Hubbard, Abbot U.</name>
		<idnumber>1659110978099</idnumber>
		<phone>1-537-472-4067</phone>
		<cardnumber>5440 0610 3421 7959</cardnumber>
	</record>
	<record>
		<name>Chen, Yoshio O.</name>
		<idnumber>1679111909799</idnumber>
		<phone>1-815-798-9729</phone>
		<cardnumber>5320566820942144</cardnumber>
	</record>
	<record>
		<name>Underwood, Quyn S.</name>
		<idnumber>1645101701899</idnumber>
		<phone>1-256-493-8028</phone>
		<cardnumber>5207 1295 6319 1805</cardnumber>
	</record>
	<record>
		<name>Manning, Murphy C.</name>
		<idnumber>1665090199499</idnumber>
		<phone>1-778-205-4587</phone>
		<cardnumber>5260332427024204</cardnumber>
	</record>
	<record>
		<name>Noel, Lisandra U.</name>
		<idnumber>1634102707099</idnumber>
		<phone>1-761-343-0321</phone>
		<cardnumber>523792 218628 2629</cardnumber>
	</record>
	<record>
		<name>Fernandez, Naida K.</name>
		<idnumber>1640080216999</idnumber>
		<phone>1-349-452-9029</phone>
		<cardnumber>547438 3329753905</cardnumber>
	</record>
	<record>
		<name>Olson, Davis B.</name>
		<idnumber>1631110602199</idnumber>
		<phone>1-252-765-6234</phone>
		<cardnumber>5369559247844623</cardnumber>
	</record>
	<record>
		<name>Oneil, Maxwell L.</name>
		<idnumber>1683040681199</idnumber>
		<phone>1-398-168-6531</phone>
		<cardnumber>543723 381081 8525</cardnumber>
	</record>
	<record>
		<name>James, Sacha V.</name>
		<idnumber>1606110822499</idnumber>
		<phone>1-921-742-6869</phone>
		<cardnumber>526 12168 14827 890</cardnumber>
	</record>
	<record>
		<name>Campbell, Orson O.</name>
		<idnumber>1606072191199</idnumber>
		<phone>1-119-325-4401</phone>
		<cardnumber>5501588393818999</cardnumber>
	</record>
	<record>
		<name>Gaines, Duncan I.</name>
		<idnumber>1667112937599</idnumber>
		<phone>1-811-851-1886</phone>
		<cardnumber>518 80195 88011 513</cardnumber>
	</record>
	<record>
		<name>Adams, Venus Q.</name>
		<idnumber>1634031226899</idnumber>
		<phone>1-781-699-8332</phone>
		<cardnumber>520474 7680226676</cardnumber>
	</record>
	<record>
		<name>Pennington, Emerald J.</name>
		<idnumber>1619010912799</idnumber>
		<phone>1-949-853-8927</phone>
		<cardnumber>520372 157977 2547</cardnumber>
	</record>
	<record>
		<name>Sloan, Cara P.</name>
		<idnumber>1615011229199</idnumber>
		<phone>1-869-592-7447</phone>
		<cardnumber>523167 164044 4574</cardnumber>
	</record>
	<record>
		<name>Kinney, Jenette L.</name>
		<idnumber>1668041636599</idnumber>
		<phone>1-939-866-2314</phone>
		<cardnumber>553 74058 14600 393</cardnumber>
	</record>
	<record>
		<name>Newton, Xaviera M.</name>
		<idnumber>1613041337499</idnumber>
		<phone>1-490-704-1165</phone>
		<cardnumber>5282508921734455</cardnumber>
	</record>
	<record>
		<name>Mann, Hillary Q.</name>
		<idnumber>1675030951799</idnumber>
		<phone>1-441-277-3620</phone>
		<cardnumber>5470 4293 2399 1993</cardnumber>
	</record>
	<record>
		<name>Schmidt, Kelly T.</name>
		<idnumber>1610030870799</idnumber>
		<phone>1-235-687-1902</phone>
		<cardnumber>550485 0068603115</cardnumber>
	</record>
	<record>
		<name>Fuentes, Tamara B.</name>
		<idnumber>1679012034699</idnumber>
		<phone>1-299-344-4093</phone>
		<cardnumber>5565 9477 4751 4709</cardnumber>
	</record>
	<record>
		<name>Lowe, Renee W.</name>
		<idnumber>1693072646199</idnumber>
		<phone>1-745-729-1634</phone>
		<cardnumber>5157347270770097</cardnumber>
	</record>
	<record>
		<name>Noble, Noelani H.</name>
		<idnumber>1666050838599</idnumber>
		<phone>1-989-335-4773</phone>
		<cardnumber>540 82591 10234 845</cardnumber>
	</record>
	<record>
		<name>Hicks, Acton Y.</name>
		<idnumber>1684050487899</idnumber>
		<phone>1-824-422-4413</phone>
		<cardnumber>522859 7680846227</cardnumber>
	</record>
	<record>
		<name>Mendez, Yuri W.</name>
		<idnumber>1601052484699</idnumber>
		<phone>1-498-436-8103</phone>
		<cardnumber>520729 7035038142</cardnumber>
	</record>
	<record>
		<name>Jennings, Rae M.</name>
		<idnumber>1626020756899</idnumber>
		<phone>1-638-645-5107</phone>
		<cardnumber>5397 8969 9565 5439</cardnumber>
	</record>
	<record>
		<name>Campbell, Claire Z.</name>
		<idnumber>1614101448899</idnumber>
		<phone>1-588-363-3010</phone>
		<cardnumber>5537 9228 2281 1986</cardnumber>
	</record>
	<record>
		<name>Meyer, Ryder Z.</name>
		<idnumber>1652012946099</idnumber>
		<phone>1-744-616-7135</phone>
		<cardnumber>5595397614898500</cardnumber>
	</record>
	<record>
		<name>Palmer, Vanna K.</name>
		<idnumber>1659012899699</idnumber>
		<phone>1-211-540-5536</phone>
		<cardnumber>554910 7919545426</cardnumber>
	</record>
	<record>
		<name>English, Haley Z.</name>
		<idnumber>1683100400899</idnumber>
		<phone>1-167-338-5593</phone>
		<cardnumber>5313496307439670</cardnumber>
	</record>
	<record>
		<name>Saunders, Keaton O.</name>
		<idnumber>1611051683099</idnumber>
		<phone>1-360-337-5323</phone>
		<cardnumber>5192 9273 6991 7472</cardnumber>
	</record>
	<record>
		<name>Stokes, Vladimir Y.</name>
		<idnumber>1662051868399</idnumber>
		<phone>1-892-180-6319</phone>
		<cardnumber>5573 0056 2706 6538</cardnumber>
	</record>
	<record>
		<name>Le, Logan K.</name>
		<idnumber>1605040194199</idnumber>
		<phone>1-501-463-5649</phone>
		<cardnumber>526 63785 10365 842</cardnumber>
	</record>
	<record>
		<name>Armstrong, Palmer W.</name>
		<idnumber>1643070867599</idnumber>
		<phone>1-142-399-9055</phone>
		<cardnumber>5463114600760761</cardnumber>
	</record>
	<record>
		<name>Lucas, Richard Y.</name>
		<idnumber>1692040974399</idnumber>
		<phone>1-982-895-8502</phone>
		<cardnumber>528990 653422 8993</cardnumber>
	</record>
	<record>
		<name>Becker, Martha F.</name>
		<idnumber>1694080345499</idnumber>
		<phone>1-251-695-8932</phone>
		<cardnumber>5240599028481737</cardnumber>
	</record>
	<record>
		<name>Valencia, Kitra I.</name>
		<idnumber>1634071419399</idnumber>
		<phone>1-136-942-4435</phone>
		<cardnumber>540440 947726 5742</cardnumber>
	</record>
	<record>
		<name>Stephens, Helen A.</name>
		<idnumber>1653052825499</idnumber>
		<phone>1-709-622-8400</phone>
		<cardnumber>514622 0963201270</cardnumber>
	</record>
	<record>
		<name>Frazier, Teegan J.</name>
		<idnumber>1638071782999</idnumber>
		<phone>1-757-938-1919</phone>
		<cardnumber>539082 2610447819</cardnumber>
	</record>
	<record>
		<name>Gilmore, Hunter P.</name>
		<idnumber>1602101653699</idnumber>
		<phone>1-527-677-4083</phone>
		<cardnumber>5472 3095 9947 9501</cardnumber>
	</record>
	<record>
		<name>Drake, Rae D.</name>
		<idnumber>1605041150199</idnumber>
		<phone>1-881-334-4757</phone>
		<cardnumber>549 26577 88551 712</cardnumber>
	</record>
	<record>
		<name>Tate, Shaeleigh M.</name>
		<idnumber>1618042266999</idnumber>
		<phone>1-464-565-8108</phone>
		<cardnumber>554648 525023 6307</cardnumber>
	</record>
	<record>
		<name>Tran, Otto W.</name>
		<idnumber>1695062348499</idnumber>
		<phone>1-543-799-7414</phone>
		<cardnumber>514 93587 90106 275</cardnumber>
	</record>
	<record>
		<name>Murray, Porter L.</name>
		<idnumber>1674071572499</idnumber>
		<phone>1-485-142-5593</phone>
		<cardnumber>5449743758307162</cardnumber>
	</record>
	<record>
		<name>George, Roary N.</name>
		<idnumber>1682060608899</idnumber>
		<phone>1-868-399-2369</phone>
		<cardnumber>555 66525 61709 564</cardnumber>
	</record>
	<record>
		<name>Bright, Byron W.</name>
		<idnumber>1689112857799</idnumber>
		<phone>1-149-824-7158</phone>
		<cardnumber>5529286391607005</cardnumber>
	</record>
	<record>
		<name>Hebert, Briar K.</name>
		<idnumber>1621092929599</idnumber>
		<phone>1-570-123-7051</phone>
		<cardnumber>542136 298151 9840</cardnumber>
	</record>
	<record>
		<name>Beck, Michelle A.</name>
		<idnumber>1662110926199</idnumber>
		<phone>1-896-215-9593</phone>
		<cardnumber>556189 691522 1395</cardnumber>
	</record>
	<record>
		<name>Powell, Ronan I.</name>
		<idnumber>1620102973799</idnumber>
		<phone>1-836-809-2293</phone>
		<cardnumber>5271313124731850</cardnumber>
	</record>
	<record>
		<name>Nixon, Jayme H.</name>
		<idnumber>1611080371899</idnumber>
		<phone>1-606-416-7073</phone>
		<cardnumber>5348 7105 1588 9800</cardnumber>
	</record>
	<record>
		<name>Peterson, Juliet J.</name>
		<idnumber>1678042219099</idnumber>
		<phone>1-505-200-1608</phone>
		<cardnumber>539732 402936 4274</cardnumber>
	</record>
	<record>
		<name>Lindsay, Jaime S.</name>
		<idnumber>1646051551099</idnumber>
		<phone>1-548-510-5665</phone>
		<cardnumber>541 70744 81737 352</cardnumber>
	</record>
	<record>
		<name>Mason, Nerea P.</name>
		<idnumber>1641052567199</idnumber>
		<phone>1-335-330-0402</phone>
		<cardnumber>5387 9626 4578 3252</cardnumber>
	</record>
	<record>
		<name>Walker, Madaline X.</name>
		<idnumber>1659111159499</idnumber>
		<phone>1-479-136-9364</phone>
		<cardnumber>5459 8397 5939 8171</cardnumber>
	</record>
	<record>
		<name>Hubbard, Aline H.</name>
		<idnumber>1638091809499</idnumber>
		<phone>1-125-419-5971</phone>
		<cardnumber>5422 7561 5837 2082</cardnumber>
	</record>
	<record>
		<name>Bradford, Ora X.</name>
		<idnumber>1602092313899</idnumber>
		<phone>1-681-402-8155</phone>
		<cardnumber>532554 1657516449</cardnumber>
	</record>
	<record>
		<name>Salas, Kareem Y.</name>
		<idnumber>1681090823699</idnumber>
		<phone>1-485-499-0318</phone>
		<cardnumber>538 50440 26834 657</cardnumber>
	</record>
	<record>
		<name>Ryan, Kylee E.</name>
		<idnumber>1606101539499</idnumber>
		<phone>1-203-815-7055</phone>
		<cardnumber>5577 8988 0948 8884</cardnumber>
	</record>
	<record>
		<name>Parks, Phelan R.</name>
		<idnumber>1617070151699</idnumber>
		<phone>1-810-555-1661</phone>
		<cardnumber>5434644874547169</cardnumber>
	</record>
	<record>
		<name>Castro, Edan Z.</name>
		<idnumber>1602062947699</idnumber>
		<phone>1-452-307-0326</phone>
		<cardnumber>516686 900678 5619</cardnumber>
	</record>
	<record>
		<name>Hensley, Lynn J.</name>
		<idnumber>1614022189599</idnumber>
		<phone>1-233-725-6975</phone>
		<cardnumber>553 64462 36419 914</cardnumber>
	</record>
	<record>
		<name>Booth, Alyssa H.</name>
		<idnumber>1664021449699</idnumber>
		<phone>1-680-370-7110</phone>
		<cardnumber>520533 395629 8662</cardnumber>
	</record>
	<record>
		<name>Fowler, Michael H.</name>
		<idnumber>1695081690999</idnumber>
		<phone>1-213-618-0273</phone>
		<cardnumber>526 87298 63153 094</cardnumber>
	</record>
	<record>
		<name>Watson, Asher J.</name>
		<idnumber>1608121581599</idnumber>
		<phone>1-386-310-0127</phone>
		<cardnumber>529 24387 33095 309</cardnumber>
	</record>
	<record>
		<name>Tanner, Channing Y.</name>
		<idnumber>1641080301999</idnumber>
		<phone>1-419-547-8677</phone>
		<cardnumber>5437004161037035</cardnumber>
	</record>
	<record>
		<name>Donaldson, Valentine A.</name>
		<idnumber>1649042000499</idnumber>
		<phone>1-589-898-4243</phone>
		<cardnumber>553862 3879145174</cardnumber>
	</record>
	<record>
		<name>Le, Talon K.</name>
		<idnumber>1665052897699</idnumber>
		<phone>1-192-743-9240</phone>
		<cardnumber>5255 5634 4784 3432</cardnumber>
	</record>
	<record>
		<name>Strickland, Ciaran D.</name>
		<idnumber>1644011693699</idnumber>
		<phone>1-439-970-9554</phone>
		<cardnumber>534 98593 25214 359</cardnumber>
	</record>
	<record>
		<name>Kemp, Xena A.</name>
		<idnumber>1615022834899</idnumber>
		<phone>1-674-512-8085</phone>
		<cardnumber>5369 1919 0430 3857</cardnumber>
	</record>
	<record>
		<name>Berry, Keith R.</name>
		<idnumber>1636072422299</idnumber>
		<phone>1-577-808-0064</phone>
		<cardnumber>5512 6795 9853 3108</cardnumber>
	</record>
	<record>
		<name>Greene, Imogene H.</name>
		<idnumber>1660042933999</idnumber>
		<phone>1-985-933-7655</phone>
		<cardnumber>5539584363411408</cardnumber>
	</record>
	<record>
		<name>Giles, Yuli L.</name>
		<idnumber>1602110666699</idnumber>
		<phone>1-367-522-9784</phone>
		<cardnumber>511446 995280 5819</cardnumber>
	</record>
	<record>
		<name>Mccullough, Blaze Q.</name>
		<idnumber>1604050913299</idnumber>
		<phone>1-549-845-3350</phone>
		<cardnumber>5245074744174912</cardnumber>
	</record>
	<record>
		<name>Washington, TaShya N.</name>
		<idnumber>1604042937799</idnumber>
		<phone>1-498-834-0694</phone>
		<cardnumber>5419 8864 6638 6618</cardnumber>
	</record>
	<record>
		<name>Lott, Upton R.</name>
		<idnumber>1653091829699</idnumber>
		<phone>1-418-292-3486</phone>
		<cardnumber>540073 022264 4665</cardnumber>
	</record>
	<record>
		<name>Rowe, Joseph L.</name>
		<idnumber>1688022360299</idnumber>
		<phone>1-676-757-6692</phone>
		<cardnumber>518494 1271306005</cardnumber>
	</record>
	<record>
		<name>Estrada, Amos A.</name>
		<idnumber>1647080411199</idnumber>
		<phone>1-400-238-3516</phone>
		<cardnumber>556632 144836 9764</cardnumber>
	</record>
	<record>
		<name>Rodgers, Indira A.</name>
		<idnumber>1637021024099</idnumber>
		<phone>1-399-524-9298</phone>
		<cardnumber>511077 3262182536</cardnumber>
	</record>
	<record>
		<name>Myers, Hyatt K.</name>
		<idnumber>1628072127899</idnumber>
		<phone>1-699-702-2357</phone>
		<cardnumber>523343 173805 4720</cardnumber>
	</record>
	<record>
		<name>Forbes, Ashely E.</name>
		<idnumber>1696022088599</idnumber>
		<phone>1-142-476-1550</phone>
		<cardnumber>5211008897283930</cardnumber>
	</record>
	<record>
		<name>Hickman, Leroy O.</name>
		<idnumber>1630022120499</idnumber>
		<phone>1-819-503-5567</phone>
		<cardnumber>553124 775227 8766</cardnumber>
	</record>
	<record>
		<name>Burton, Ariana C.</name>
		<idnumber>1620072867799</idnumber>
		<phone>1-824-473-7885</phone>
		<cardnumber>556 22359 01732 140</cardnumber>
	</record>
	<record>
		<name>Christian, Alana T.</name>
		<idnumber>1631031515299</idnumber>
		<phone>1-387-643-2301</phone>
		<cardnumber>541288 590386 5629</cardnumber>
	</record>
	<record>
		<name>Hays, Erasmus L.</name>
		<idnumber>1664100152399</idnumber>
		<phone>1-540-357-0618</phone>
		<cardnumber>5565 1056 0287 6396</cardnumber>
	</record>
	<record>
		<name>Pratt, Dean E.</name>
		<idnumber>1620012775899</idnumber>
		<phone>1-436-907-1786</phone>
		<cardnumber>549510 508461 4914</cardnumber>
	</record>
	<record>
		<name>Best, Mannix P.</name>
		<idnumber>1696040970099</idnumber>
		<phone>1-284-522-6037</phone>
		<cardnumber>5291 5983 1635 8100</cardnumber>
	</record>
	<record>
		<name>Bauer, Chester M.</name>
		<idnumber>1622032191899</idnumber>
		<phone>1-533-266-0456</phone>
		<cardnumber>510086 415364 2647</cardnumber>
	</record>
	<record>
		<name>Bennett, Clark S.</name>
		<idnumber>1696011232599</idnumber>
		<phone>1-602-165-4565</phone>
		<cardnumber>5383 8923 1227 1808</cardnumber>
	</record>
	<record>
		<name>Nash, Francis F.</name>
		<idnumber>1624031762099</idnumber>
		<phone>1-690-804-8498</phone>
		<cardnumber>510786 193003 8050</cardnumber>
	</record>
	<record>
		<name>Boone, Lillith H.</name>
		<idnumber>1691063097999</idnumber>
		<phone>1-414-947-8224</phone>
		<cardnumber>525 65956 80911 632</cardnumber>
	</record>
	<record>
		<name>Burks, Dominique E.</name>
		<idnumber>1622011773099</idnumber>
		<phone>1-111-680-9875</phone>
		<cardnumber>5139891452913580</cardnumber>
	</record>
	<record>
		<name>Roberts, Barry I.</name>
		<idnumber>1670022954599</idnumber>
		<phone>1-753-671-1380</phone>
		<cardnumber>539591 873064 6812</cardnumber>
	</record>
	<record>
		<name>Rich, Carter K.</name>
		<idnumber>1643032176699</idnumber>
		<phone>1-955-329-5486</phone>
		<cardnumber>5187398800858286</cardnumber>
	</record>
	<record>
		<name>Zamora, Karina Z.</name>
		<idnumber>1659042184199</idnumber>
		<phone>1-972-211-4567</phone>
		<cardnumber>5330 4259 6454 5155</cardnumber>
	</record>
	<record>
		<name>Foster, Fatima N.</name>
		<idnumber>1629060963499</idnumber>
		<phone>1-543-399-2409</phone>
		<cardnumber>5409816575035436</cardnumber>
	</record>
	<record>
		<name>Craft, Darius K.</name>
		<idnumber>1696050877699</idnumber>
		<phone>1-906-159-9400</phone>
		<cardnumber>555 01594 49366 720</cardnumber>
	</record>
	<record>
		<name>Ortega, Keelie R.</name>
		<idnumber>1648110167599</idnumber>
		<phone>1-978-120-2244</phone>
		<cardnumber>536110 572707 1564</cardnumber>
	</record>
	<record>
		<name>Sawyer, Elmo Y.</name>
		<idnumber>1613122227499</idnumber>
		<phone>1-995-231-7673</phone>
		<cardnumber>5390 0333 0919 8149</cardnumber>
	</record>
	<record>
		<name>Kelley, Caleb H.</name>
		<idnumber>1630082846199</idnumber>
		<phone>1-267-206-1180</phone>
		<cardnumber>538 35174 79867 359</cardnumber>
	</record>
</records>