[
	{
		"name": "Short, Marcia Y.",
		"address": "P.O. Box 148, 216 Aliquam St.",
		"city": "Beypazarı",
		"idnumber": "1654103013599",
		"company": "Id Incorporated"
	},
	{
		"name": "Shepherd, Barrett B.",
		"address": "588-1481 Inceptos St.",
		"city": "Neumünster",
		"idnumber": "1675051119699",
		"company": "Sed Molestie Sed Company"
	},
	{
		"name": "Grant, Lev M.",
		"address": "795-7161 Eu St.",
		"city": "Pictou",
		"idnumber": "1690052349399",
		"company": "Eu Erat Semper Industries"
	},
	{
		"name": "Hatfield, Walter M.",
		"address": "Ap #463-8352 Sed Ave",
		"city": "Brusson",
		"idnumber": "1654051749199",
		"company": "Nullam Enim Industries"
	},
	{
		"name": "Ortega, Sophia R.",
		"address": "1104 Eget, St.",
		"city": "Södertälje",
		"idnumber": "1658091026199",
		"company": "Sodales Purus In Associates"
	},
	{
		"name": "Byrd, Roth K.",
		"address": "P.O. Box 995, 3535 Eu St.",
		"city": "Wabamun",
		"idnumber": "1694111450099",
		"company": "Mauris Incorporated"
	},
	{
		"name": "Oneal, Chloe V.",
		"address": "P.O. Box 671, 1546 Eu Avenue",
		"city": "Hard",
		"idnumber": "1629052960199",
		"company": "Ac Metus Vitae Limited"
	},
	{
		"name": "Diaz, Brandon O.",
		"address": "768-702 Elit. Rd.",
		"city": "Wells",
		"idnumber": "1663061287299",
		"company": "Pellentesque Ut Ipsum Consulting"
	},
	{
		"name": "Hamilton, Quin M.",
		"address": "326-664 Ac St.",
		"city": "Nagpur",
		"idnumber": "1624032109599",
		"company": "Enim Nec LLP"
	},
	{
		"name": "Burris, Rama B.",
		"address": "4653 Interdum Av.",
		"city": "Glauchau",
		"idnumber": "1628060609699",
		"company": "Tempus Risus Limited"
	},
	{
		"name": "Hebert, Charles P.",
		"address": "P.O. Box 874, 4095 Ac Ave",
		"city": "Saint Louis",
		"idnumber": "1626122689699",
		"company": "Congue Corp."
	},
	{
		"name": "Hampton, Clinton H.",
		"address": "Ap #228-6122 Hendrerit. Street",
		"city": "Portland",
		"idnumber": "1648040668199",
		"company": "Tincidunt Orci Quis Associates"
	},
	{
		"name": "Prince, Porter W.",
		"address": "1375 Metus. Av.",
		"city": "Bedollo",
		"idnumber": "1638022843899",
		"company": "Cursus Non Egestas LLC"
	},
	{
		"name": "Conway, Timon R.",
		"address": "Ap #187-8297 In, St.",
		"city": "Piscinas",
		"idnumber": "1670111452099",
		"company": "Dolor Limited"
	},
	{
		"name": "Chang, Gay C.",
		"address": "P.O. Box 489, 2327 Natoque St.",
		"city": "Guna",
		"idnumber": "1660121158299",
		"company": "Mauris Industries"
	},
	{
		"name": "Henderson, Mannix C.",
		"address": "Ap #516-5045 Mauris Rd.",
		"city": "Hastings",
		"idnumber": "1665051551099",
		"company": "Mi Enim Condimentum Limited"
	},
	{
		"name": "Travis, Jenette G.",
		"address": "5992 Est. Avenue",
		"city": "Devonport",
		"idnumber": "1673111581299",
		"company": "Sit Amet Lorem Associates"
	},
	{
		"name": "Burns, Zephr E.",
		"address": "414 Hendrerit Avenue",
		"city": "Geer",
		"idnumber": "1608022224799",
		"company": "Posuere Cubilia Consulting"
	},
	{
		"name": "Mcgee, Deirdre J.",
		"address": "754-5717 Aliquam St.",
		"city": "Woodstock",
		"idnumber": "1691102370499",
		"company": "Amet Orci Ut LLP"
	},
	{
		"name": "Benton, Simon F.",
		"address": "Ap #405-9831 Lobortis St.",
		"city": "St. Catharines",
		"idnumber": "1663062400499",
		"company": "Gravida Non Sollicitudin LLP"
	},
	{
		"name": "Fields, Serena W.",
		"address": "357-837 Diam. Rd.",
		"city": "Palakkad",
		"idnumber": "1644100935599",
		"company": "Euismod Limited"
	},
	{
		"name": "Hebert, Jamal M.",
		"address": "3336 Leo. Rd.",
		"city": "Fraser Lake",
		"idnumber": "1662060153099",
		"company": "Sem Mollis Corporation"
	},
	{
		"name": "Hudson, Alexandra C.",
		"address": "Ap #652-6262 Lobortis Road",
		"city": "Roma",
		"idnumber": "1682091020099",
		"company": "Id Mollis Foundation"
	},
	{
		"name": "Conway, Peter X.",
		"address": "P.O. Box 551, 6263 Nisl Road",
		"city": "Topeka",
		"idnumber": "1607011537199",
		"company": "Conubia Nostra Industries"
	},
	{
		"name": "Underwood, Chastity K.",
		"address": "P.O. Box 542, 5401 Nunc St.",
		"city": "Tuscaloosa",
		"idnumber": "1605052922999",
		"company": "Nec Diam Duis Associates"
	},
	{
		"name": "Reed, Maisie G.",
		"address": "2714 Luctus Street",
		"city": "Cunco",
		"idnumber": "1682090232899",
		"company": "Et Ultrices LLC"
	},
	{
		"name": "Frye, Laurel Z.",
		"address": "P.O. Box 440, 4728 Id Ave",
		"city": "Ambleside",
		"idnumber": "1623101254899",
		"company": "Ultrices Posuere Company"
	},
	{
		"name": "Price, Jemima U.",
		"address": "Ap #459-4382 Integer Rd.",
		"city": "Scala Coeli",
		"idnumber": "1686010587999",
		"company": "Diam Pellentesque Habitant Company"
	},
	{
		"name": "Christensen, Charles C.",
		"address": "Ap #301-3105 Nunc Rd.",
		"city": "Jefferson City",
		"idnumber": "1645120427299",
		"company": "Phasellus Elit Pede LLP"
	},
	{
		"name": "Lamb, Rachel U.",
		"address": "Ap #780-9981 Dui Street",
		"city": "Pudahuel",
		"idnumber": "1663111754499",
		"company": "Luctus Sit Inc."
	},
	{
		"name": "Jones, Quin B.",
		"address": "P.O. Box 650, 8025 Accumsan Rd.",
		"city": "Chandler",
		"idnumber": "1694091741499",
		"company": "Nascetur Ridiculus Industries"
	},
	{
		"name": "Jones, Fletcher E.",
		"address": "552-2371 Nam Rd.",
		"city": "İskenderun",
		"idnumber": "1660080316499",
		"company": "Rutrum Eu Company"
	},
	{
		"name": "Avery, Myra T.",
		"address": "2623 Et, Av.",
		"city": "Cañas",
		"idnumber": "1676080401799",
		"company": "Urna Nullam Lobortis PC"
	},
	{
		"name": "Cotton, Quail X.",
		"address": "P.O. Box 994, 1534 Euismod Avenue",
		"city": "Genzano di Lucania",
		"idnumber": "1694121217899",
		"company": "Magna Suspendisse Tristique Associates"
	},
	{
		"name": "Mcleod, John Y.",
		"address": "9504 Scelerisque Rd.",
		"city": "Brentwood",
		"idnumber": "1698121914599",
		"company": "Mauris Sit Amet Corporation"
	},
	{
		"name": "Knowles, Wyatt J.",
		"address": "629-165 Sem. Street",
		"city": "Palmiano",
		"idnumber": "1605012965299",
		"company": "Fermentum Metus Industries"
	},
	{
		"name": "Stephens, Jesse M.",
		"address": "P.O. Box 317, 487 Ultricies Ave",
		"city": "Istanbul",
		"idnumber": "1610052236699",
		"company": "Nec Ante Blandit LLP"
	},
	{
		"name": "Horne, Stacey N.",
		"address": "1482 Eget, Rd.",
		"city": "Estación Central",
		"idnumber": "1649112792899",
		"company": "Nec LLC"
	},
	{
		"name": "Burnett, Jason Q.",
		"address": "Ap #938-4840 Porttitor Ave",
		"city": "Spalbeek",
		"idnumber": "1686101444499",
		"company": "Viverra Donec Incorporated"
	},
	{
		"name": "Walters, Zachery Z.",
		"address": "716-342 Est Av.",
		"city": "Utrecht",
		"idnumber": "1682012909099",
		"company": "Semper Et LLC"
	},
	{
		"name": "Wells, Sage E.",
		"address": "693 Semper St.",
		"city": "Barrow-in-Furness",
		"idnumber": "1687040889499",
		"company": "Non Consulting"
	},
	{
		"name": "Henderson, Sylvia T.",
		"address": "Ap #620-7623 Ligula Ave",
		"city": "Kawartha Lakes",
		"idnumber": "1686082641899",
		"company": "Urna Nullam Inc."
	},
	{
		"name": "Gross, Conan M.",
		"address": "Ap #873-2123 Ac Street",
		"city": "Bala",
		"idnumber": "1669042730999",
		"company": "Ipsum Associates"
	},
	{
		"name": "Acosta, Iliana H.",
		"address": "117-7934 Et, Avenue",
		"city": "Wigtown",
		"idnumber": "1629112192099",
		"company": "Adipiscing Elit Company"
	},
	{
		"name": "Massey, Samuel L.",
		"address": "Ap #529-2662 Orci. Av.",
		"city": "Zerba",
		"idnumber": "1690120268099",
		"company": "Posuere Corporation"
	},
	{
		"name": "Blackwell, Slade B.",
		"address": "6478 Interdum. Road",
		"city": "Tiruvarur",
		"idnumber": "1682060404399",
		"company": "Vitae Orci Incorporated"
	},
	{
		"name": "Fleming, Alfonso T.",
		"address": "283-7603 Iaculis, Avenue",
		"city": "Couillet",
		"idnumber": "1647042696399",
		"company": "Senectus Incorporated"
	},
	{
		"name": "Mcintyre, Ethan I.",
		"address": "1898 A St.",
		"city": "Cranbrook",
		"idnumber": "1666110838999",
		"company": "Venenatis Vel Ltd"
	},
	{
		"name": "Kirkland, Aurelia X.",
		"address": "987-310 Primis Rd.",
		"city": "Asnières-sur-Seine",
		"idnumber": "1667121034199",
		"company": "Sit Consulting"
	},
	{
		"name": "Gardner, Reese T.",
		"address": "354-6896 Dictum Street",
		"city": "Laramie",
		"idnumber": "1699070355099",
		"company": "Molestie Arcu Corp."
	},
	{
		"name": "Lancaster, Honorato G.",
		"address": "611-8031 Elit, St.",
		"city": "Grand Island",
		"idnumber": "1679092585499",
		"company": "Nulla Semper Inc."
	},
	{
		"name": "Dunn, Brady Y.",
		"address": "P.O. Box 926, 8891 Lectus Rd.",
		"city": "Oberpullendorf",
		"idnumber": "1632100402899",
		"company": "Sed Neque Sed Incorporated"
	},
	{
		"name": "Witt, Aquila Q.",
		"address": "6523 Cum St.",
		"city": "Chicoutimi",
		"idnumber": "1638090951299",
		"company": "Ipsum Dolor Corp."
	},
	{
		"name": "Mccormick, Melvin S.",
		"address": "967-6807 Interdum Av.",
		"city": "Woodstock",
		"idnumber": "1604032307099",
		"company": "Fringilla Mi Lacinia Consulting"
	},
	{
		"name": "Barr, Raya Z.",
		"address": "P.O. Box 427, 6371 Eget, Av.",
		"city": "Montague",
		"idnumber": "1654060569799",
		"company": "Libero Integer In Company"
	},
	{
		"name": "Leblanc, Jasper E.",
		"address": "P.O. Box 614, 8704 Integer St.",
		"city": "Lewiston",
		"idnumber": "1654022422299",
		"company": "Pede Inc."
	},
	{
		"name": "Cochran, Darrel R.",
		"address": "862-6814 Cursus Street",
		"city": "Lloydminster",
		"idnumber": "1688011978499",
		"company": "Consectetuer Adipiscing Elit PC"
	},
	{
		"name": "Bradshaw, Jenette N.",
		"address": "P.O. Box 133, 7340 Nibh St.",
		"city": "Columbus",
		"idnumber": "1609050198799",
		"company": "Mus Incorporated"
	},
	{
		"name": "Zamora, Jared S.",
		"address": "Ap #349-8085 Risus. Av.",
		"city": "Markham",
		"idnumber": "1650031997899",
		"company": "Tellus Associates"
	},
	{
		"name": "Stokes, Ria L.",
		"address": "6912 Dolor Rd.",
		"city": "Cowdenbeath",
		"idnumber": "1683080622499",
		"company": "Amet Institute"
	},
	{
		"name": "Woods, Christian C.",
		"address": "P.O. Box 725, 4825 Quam. Road",
		"city": "Segovia",
		"idnumber": "1649092572699",
		"company": "Lectus Incorporated"
	},
	{
		"name": "Wilson, Forrest V.",
		"address": "480-3106 Sed Avenue",
		"city": "Nova Iguaçu",
		"idnumber": "1601062520299",
		"company": "Nec Euismod In Corporation"
	},
	{
		"name": "Sutton, Maxine L.",
		"address": "Ap #461-5544 Sit Street",
		"city": "Yaxley",
		"idnumber": "1641021252999",
		"company": "Amet Faucibus Ut Ltd"
	},
	{
		"name": "Ayala, Salvador T.",
		"address": "Ap #355-401 Purus Av.",
		"city": "Richmond",
		"idnumber": "1609012106999",
		"company": "Nibh Vulputate Company"
	},
	{
		"name": "Barnett, Quinn C.",
		"address": "6631 Mauris. Av.",
		"city": "Champorcher",
		"idnumber": "1655062928999",
		"company": "Risus A Ultricies Consulting"
	},
	{
		"name": "Mcintosh, Sydnee V.",
		"address": "6490 Pellentesque Av.",
		"city": "Pollena Trocchia",
		"idnumber": "1688051614999",
		"company": "Semper PC"
	},
	{
		"name": "Hart, Colorado L.",
		"address": "2257 Massa St.",
		"city": "Falisolle",
		"idnumber": "1659032867099",
		"company": "Risus Morbi Metus Consulting"
	},
	{
		"name": "Bradford, Chadwick D.",
		"address": "P.O. Box 886, 177 Senectus Av.",
		"city": "Sommariva Perno",
		"idnumber": "1626020433599",
		"company": "Nullam Nisl LLC"
	},
	{
		"name": "Pennington, Emery R.",
		"address": "301-880 Non Road",
		"city": "Galzignano Terme",
		"idnumber": "1697050939199",
		"company": "Scelerisque Sed Consulting"
	},
	{
		"name": "Burks, Gil B.",
		"address": "Ap #248-2550 Lacus. Ave",
		"city": "Provo",
		"idnumber": "1681061117699",
		"company": "In Tincidunt Limited"
	},
	{
		"name": "Goodman, Otto U.",
		"address": "Ap #632-7886 Magna. St.",
		"city": "Hearst",
		"idnumber": "1621010828199",
		"company": "Aliquet Consulting"
	},
	{
		"name": "Mcdaniel, Otto Z.",
		"address": "404 A Rd.",
		"city": "Salt Spring Island",
		"idnumber": "1672072596499",
		"company": "Ligula Company"
	},
	{
		"name": "Phillips, Willow N.",
		"address": "5354 Amet, Road",
		"city": "Nizamabad",
		"idnumber": "1688080519699",
		"company": "A Industries"
	},
	{
		"name": "Byrd, Dillon Q.",
		"address": "452-838 Luctus Rd.",
		"city": "Tillicoultry",
		"idnumber": "1671121948299",
		"company": "Enim Associates"
	},
	{
		"name": "Yang, Emery K.",
		"address": "2548 Diam. Rd.",
		"city": "Feira de Santana",
		"idnumber": "1647010827999",
		"company": "In Lorem Donec Industries"
	},
	{
		"name": "Huff, Wang S.",
		"address": "Ap #285-9115 Dolor. Street",
		"city": "Pulle",
		"idnumber": "1641070334299",
		"company": "Molestie Inc."
	},
	{
		"name": "Humphrey, Jamal U.",
		"address": "5911 Quis Street",
		"city": "Cap-Rouge",
		"idnumber": "1611051860799",
		"company": "Eget Ipsum LLP"
	},
	{
		"name": "Avila, Rhea M.",
		"address": "P.O. Box 139, 2052 Justo Rd.",
		"city": "Oxford County",
		"idnumber": "1651062189399",
		"company": "At Company"
	},
	{
		"name": "Albert, Sage Z.",
		"address": "P.O. Box 427, 8842 Condimentum. Av.",
		"city": "Milwaukee",
		"idnumber": "1672031768699",
		"company": "Mauris Sagittis Placerat Corporation"
	},
	{
		"name": "Landry, Carol E.",
		"address": "7366 Dolor. Ave",
		"city": "Wuppertal",
		"idnumber": "1604123092799",
		"company": "Congue Elit Sed Corp."
	},
	{
		"name": "Sykes, Alexa H.",
		"address": "3205 Egestas. St.",
		"city": "Limal",
		"idnumber": "1651051239699",
		"company": "Nibh Industries"
	},
	{
		"name": "Weeks, Bo Z.",
		"address": "Ap #897-4991 Aliquam St.",
		"city": "Boulogne-sur-Mer",
		"idnumber": "1626040633899",
		"company": "Mauris A Industries"
	},
	{
		"name": "Franco, Sasha J.",
		"address": "6984 Turpis Road",
		"city": "Camporotondo di Fiastrone",
		"idnumber": "1691081876899",
		"company": "Aenean Associates"
	},
	{
		"name": "Goodwin, Steven L.",
		"address": "7682 Turpis. Rd.",
		"city": "Eyemouth",
		"idnumber": "1698081969199",
		"company": "Sociis Natoque Penatibus Industries"
	},
	{
		"name": "Hobbs, Yoko Y.",
		"address": "212-5304 Elementum Road",
		"city": "Raj Nandgaon",
		"idnumber": "1688011055599",
		"company": "Imperdiet Nec Leo Corporation"
	},
	{
		"name": "Barry, Tanner Q.",
		"address": "P.O. Box 592, 7365 Ultrices Rd.",
		"city": "Lanco",
		"idnumber": "1624121246299",
		"company": "Ornare Elit Consulting"
	},
	{
		"name": "Calhoun, Tatum X.",
		"address": "P.O. Box 590, 8002 Lorem, St.",
		"city": "Savannah",
		"idnumber": "1632031226599",
		"company": "Nulla Institute"
	},
	{
		"name": "Horton, Chava V.",
		"address": "5855 Ac Rd.",
		"city": "San Rosendo",
		"idnumber": "1659061129899",
		"company": "Orci Industries"
	},
	{
		"name": "Becker, Josiah J.",
		"address": "745-9732 Dapibus Rd.",
		"city": "Musson",
		"idnumber": "1685090154399",
		"company": "Phasellus Fermentum LLP"
	},
	{
		"name": "Shaffer, Wynter E.",
		"address": "1719 Aliquam St.",
		"city": "Izel",
		"idnumber": "1601022074599",
		"company": "Lacinia Vitae Foundation"
	},
	{
		"name": "Evans, Malik F.",
		"address": "890-4312 Porttitor Ave",
		"city": "Burnie",
		"idnumber": "1626072504799",
		"company": "Mollis Integer Tincidunt Institute"
	},
	{
		"name": "Holden, Keane Y.",
		"address": "6682 Odio. Av.",
		"city": "Borgone Susa",
		"idnumber": "1679012087499",
		"company": "Quisque Ltd"
	},
	{
		"name": "Robles, Orlando T.",
		"address": "4891 Nibh Street",
		"city": "Máfil",
		"idnumber": "1625052881499",
		"company": "Placerat Eget Associates"
	},
	{
		"name": "Sanders, Jayme J.",
		"address": "881-9372 Et, St.",
		"city": "Gijzegem",
		"idnumber": "1670061814499",
		"company": "Non Lorem Company"
	},
	{
		"name": "Rollins, Brynn I.",
		"address": "284-4508 Dui Ave",
		"city": "Crehen",
		"idnumber": "1652061000199",
		"company": "Ut PC"
	},
	{
		"name": "Sawyer, Shea Z.",
		"address": "930 Morbi Rd.",
		"city": "Falun",
		"idnumber": "1665112964199",
		"company": "Ac PC"
	},
	{
		"name": "Gregory, Ori M.",
		"address": "P.O. Box 905, 5051 Non Ave",
		"city": "Melipilla",
		"idnumber": "1652062099599",
		"company": "Ultricies Ligula Nullam Company"
	},
	{
		"name": "Rowland, Devin Z.",
		"address": "9492 Vestibulum, St.",
		"city": "Oviedo",
		"idnumber": "1616021253699",
		"company": "Rutrum Justo LLC"
	},
	{
		"name": "Leonard, Plato L.",
		"address": "1612 Nibh. Avenue",
		"city": "Nil-Saint-Vincent-Saint-Martin",
		"idnumber": "1683010342799",
		"company": "Eu Augue Porttitor Company"
	},
	{
		"name": "Faulkner, Evan X.",
		"address": "Ap #183-3923 Odio. Road",
		"city": "Gaithersburg",
		"idnumber": "1669092177799",
		"company": "Eget Dictum Placerat Incorporated"
	}
]