[
	{
			"name": "Mcmillan, Hadley N.",
			"address": "P.O. Box 320, 3109 Tempor Ave",
			"cards":[
				{"card": "545 81005 28225 547"},
				{"card": "557854 515250 5207"}
				],
			"contact":[
				{"phone": "1-675-949-3281"},
				{"phone": "1-534-936-3663"}
				]
		},
		{
			"name": "Holden, Madeson F.",
			"address": "Ap #300-385 Natoque Ave",
			"cards":[
			{"card" :"516 70409 04129 115"},
			{"card" :"5237757176981818"}
			],
			"contact":[
			{"phone":"1-125-225-8613"},
			{"phone":"1-354-394-7876"}
			]
		}]
	
		