[{"guid":"foK8Goi7SCQk","title":"Calgary Herald","index":8,"dateAdded":1233631483147000,"lastModified":1389042691620000,"id":221,"charset":"UTF-8","iconuri":"http://1.gravatar.com/blavatar/1c99375a0970c7ae8d1c8028d2855834?s=16","annos":[{"name":"bookmarkProperties/description","flags":0,"expires":4,"value":"Calgary Herald. The online source for Calgary news, business, sports, entertainment, classified ads, horoscopes, weather, local news and more."}],"type":"text/x-moz-place","uri":"http://www.calgaryherald.com/"},{"guid":"g3Z9bWMxBmKd","title":"Calgary, Alberta - 5 Day Weather Forecast - Environment Canada","index":9,"dateAdded":1107781764000000,"lastModified":1233610249604000,"id":222,"charset":"ISO-8859-1","iconuri":"http://weather.gc.ca/template/gcweb/v4.0.18/assets/favicon.ico","type":"text/x-moz-place","uri":"http://weatheroffice.ec.gc.ca/city/pages/ab-52_metric_e.html"},{"guid":"xFTt97qPm1k3","title":"IEEE Spectrum Online: Technology, Engineering, and Science News","index":10,"dateAdded":1272292551250000,"lastModified":1389042691620000,"id":223,"charset":"UTF-8","iconuri":"http://spectrum.ieee.org/favicon.png","annos":[{"name":"bookmarkProperties/description","flags":0,"expires":4,"value":"News and features about the latest technology, engineering, and science advances including electronics, computing, energy, biomedical, robotics and more.  Get Inside Technology with IEEE Spectrum the flagship publication of the IEEE."}],"type":"text/x-moz-place","uri":"http://spectrum.ieee.org/"}]